feature,importance
access_freq,0.9993078342167871
mean_gap,0.0005056489740533547
recent_unique_columns,0.00018651680915945677
