method,split,accuracy,precision,recall,f1
ml_classifier,validation,0.93825,1.0,0.7941666666666667,0.885276358569438
ml_classifier,test,0.936,1.0,0.7866666666666666,0.8805970149253731
heuristic_hfa_like,test,0.702,1.0,0.006666666666666667,0.013245033112582781
