method,split,accuracy,precision,recall,f1
ml_classifier,validation,0.95075,0.8589835361488904,1.0,0.9241432422025414
ml_classifier,test,0.94825,0.8528784648187633,1.0,0.9205983889528193
heuristic_hfa_like,test,0.70225,1.0,0.0075,0.01488833746898263
