method,split,accuracy,precision,recall,f1
ml_classifier,validation,0.8105,1.0,0.36833333333333335,0.53836784409257
ml_classifier,test,0.8,1.0,0.3333333333333333,0.5
heuristic_hfa_like,test,0.7015,1.0,0.005,0.009950248756218905
